Story ID,Story Title,Epic,Priority,Status,Effort Points,Assigned To,Sprint,Acceptance Criteria Count,Dependencies,Technical Notes
US1.1,Database Technology Selection,Epic 1,P1,Not Started,3,Database Architect,Week 1,"PostgreSQL selected, Justification documented, Dev instance setup",None,Django 5.2 + psycopg2 driver for PostgreSQL
US1.2,Design Complete Relational Schema,Epic 1,P1,Not Started,8,Database Architect,Week 1,"All entities identified, ERD created, Django ORM entities defined, Indexes planned",US1.1,Use Django ORM migrations-first approach
US1.3,Plan API Architecture,Epic 1,P1,Not Started,5,Backend Architect,Week 1,"REST endpoints designed, OpenAPI spec, Authentication strategy, Rate limiting planned",US1.1,Django REST Framework controllers + minimal APIs option
US1.4,Define Data Models,Epic 1,P1,Not Started,5,Backend Dev,Week 1,"Python Django models, DTOs for requests/responses, Validators with Django validators",US1.2,Leverage C# records for DTOs
US1.5,Create Database Performance Strategy,Epic 1,P1,Not Started,3,Database Architect,Week 1,"Indexing strategy, Query optimization, Caching plan with Redis",US1.2,Use Django ORM compiled queries for hot paths
US2.1,Database Server Setup,Epic 2,P1,Not Started,5,DevOps,Week 1,"PostgreSQL instances (dev/staging/prod), Backups configured, Security hardened",US1.1,Railway or Digital Ocean managed PostgreSQL
US2.2,Implement Django ORM ORM,Epic 2,P1,Not Started,5,Backend Dev,Week 1,"DbContext configured, Fluent API configurations, Connection pooling",US1.2,Use psycopg2
US2.3,Create ASP.NET Core API Server,Epic 2,P1,Not Started,8,Backend Lead,Week 1,"Web API project initialized, Controllers scaffold, Middleware setup, Swagger configured",US2.1,Django REST Framework with minimal hosting model
US2.4,Configure Connection Pooling,Epic 2,P1,Not Started,3,Backend Dev,Week 1,"Npgsql pooling configured, Load tested 100+ connections, Performance benchmarked",US2.2,Configure in Django settings.py
US2.5,Basic Authentication & Security Middleware,Epic 2,P1,Not Started,5,Backend Dev,Week 1,"JWT authentication, CORS configured, Rate limiting, Helmet equivalent security headers",US2.3,Use django-allauth + djangorestframework-simplejwt
US3.1,Data Structure Analysis,Epic 3,P1,Not Started,3,Backend Dev,Week 2,"applicationsData.ts parsed, Data dictionary created, Anomalies documented",Epic 2 complete,TypeScript to Python data mapping
US3.2,Transform Data to Match Schema,Epic 3,P1,Not Started,5,Backend Dev,Week 2,"Python transformation scripts, Bilingual data handled, Categories mapped",US3.1,Use Django serializers
US3.3,Create Automated Migration Scripts,Epic 3,P1,Not Started,8,Backend Lead,Week 2,"ETL pipeline in C#, Validation checks, Rollback mechanism, Progress reporting",US3.2,Consider using Factory Boy for test data
US3.4,Validate Data Integrity,Epic 3,P1,Not Started,5,QA Lead,Week 2,"Source vs migrated comparison, Relationship checks, Image URL validation, Validation report",US3.3,Use pytest for validation tests
US3.5,Handle Many-to-Many Relationships,Epic 3,P1,Not Started,5,Backend Dev,Week 2,"App-Category relationships, App-Feature relationships, Junction tables populated",US3.3,Django ORM handles M:N automatically in .NET 5+
US4.1,Implement CRUD Endpoints for Apps,Epic 4,P2,Not Started,8,Backend Dev,Week 2,"GET/POST/PUT/DELETE endpoints, Input validation with Django validators, Error handling",Epic 3 complete,Use Django ORM QuerySets
US4.2,Add Advanced Filtering,Epic 4,P2,Not Started,5,Backend Dev,Week 2,"Filter by category, rating, developer, language, Combine multiple filters",US4.1,Use Django Q objects for filtering
US4.3,Implement Efficient Pagination,Epic 4,P2,Not Started,5,Backend Dev,Week 2,"Offset-based pagination, Cursor-based ready, Page size limits, Total count optimization",US4.1,Use limit/offset with async
US4.4,Add Error Handling & Logging,Epic 4,P2,Not Started,3,Backend Dev,Week 2,"Global exception handler, Django logging framework, Error tracking with Sentry",US4.1,Use middleware for exception handling
US4.5,Create API Documentation,Epic 4,P2,Not Started,3,Tech Writer + Dev,Week 2,"Swagger/OpenAPI complete, Code examples, Authentication docs, Postman collection",US4.1,drf-spectacular for OpenAPI generation
US5.1,Replace Static Imports with API Calls,Epic 5,P2,Not Started,8,Frontend Lead,Week 3,"applicationsData.ts removed, HttpClient services created, API endpoints called",Epic 4 complete,Update Angular services to call Django API
US5.2,Update Angular Services for HTTP,Epic 5,P2,Not Started,5,Frontend Dev,Week 3,"app.service.ts refactored, Error handling, Retry logic, TypeScript interfaces",US5.1,Use Angular HttpClient with interceptors
US5.3,Implement Loading & Error States,Epic 5,P2,Not Started,5,Frontend Dev,Week 3,"Loading spinners, Error messages, Retry buttons, Offline handling",US5.2,Use RxJS operators for loading state
US5.4,Add Intelligent Caching,Epic 5,P2,Not Started,5,Frontend Lead,Week 3,"HTTP interceptor cache, Service worker cache, Cache invalidation, Stale-while-revalidate",US5.2,Django service worker + HTTP cache
US5.5,Frontend Performance Optimization,Epic 5,P2,Not Started,3,Frontend Dev,Week 3,"Lazy loading optimized, Bundle size reduced, Lighthouse score maintained",US5.4,Code splitting and tree shaking
US6.1,Search by Mushaf Types,Epic 6,P3,Not Started,3,Full Stack,Week 3-4,"mushaf_types field added, Backend filtering, Frontend UI component",Epic 5 complete,Add to Features table
US6.2,Search by Rewayah (Riwayat),Epic 6,P3,Not Started,3,Full Stack,Week 3-4,"riwayat field added, Backend filtering, Frontend UI component",Epic 5 complete,Add to Features table
US6.3,Search by Languages,Epic 6,P3,Not Started,3,Full Stack,Week 3-4,"supported_languages field, Backend filtering, Frontend multi-select",Epic 5 complete,JSONB array or separate table
US6.4,Search by Target Audience,Epic 6,P3,Not Started,3,Full Stack,Week 3-4,"target_audience field, Backend filtering, Frontend UI component",Epic 5 complete,Add to Features table
US6.5,Advanced Filter UI Components,Epic 6,P3,Not Started,3,Frontend Dev,Week 3-4,"Reusable filter components, Mobile responsive, Combine filters logic",US6.1-6.4,Use Angular reactive forms
US7.1,Share Button Implementation,Epic 7,P4,Not Started,3,Frontend Dev,Week 4,"Share buttons on detail pages, Mobile vs desktop handling, Share button component",Epic 5 complete,Use Ng-Zorro button components
US7.2,Integrate Social Media APIs,Epic 7,P4,Not Started,3,Frontend Dev,Week 4,"WhatsApp, Twitter, Facebook, Telegram share integration",US7.1,Use share URL schemes
US7.3,Add Web Share API for Mobile,Epic 7,P4,Not Started,2,Frontend Dev,Week 4,"Detect native share, Implement Web Share API, Fallback to custom",US7.2,Progressive enhancement
US7.4,Implement Share Analytics,Epic 7,P4,Not Started,2,Backend Dev,Week 4,"Track share events, Store in analytics_events table, API endpoint",US7.2,Use analytics_events table
US7.5,Create Custom Sharing Messages,Epic 7,P4,Not Started,2,Frontend Dev,Week 4,"App metadata in share, Open Graph tags, Twitter Cards",US7.2,Update meta tags dynamically
